asdf_id,gpw_v3_density.2000.mean,gpw_v3_density.1995.mean,adm,gbid,Name,Level,adm_int,feature_id,iso,gqid
0,17.4947455973,15.330866818,ADM2,AFG_ADM2_1_3_3_0,Panjwayi,ADM2,2,0,AFG,0
1,166.97353589,146.322846816,ADM2,AFG_ADM2_1_3_3_1,Arghandab,ADM2,2,1,AFG,1
2,46.2951958281,40.569720635,ADM2,AFG_ADM2_1_3_3_2,Rashidan,ADM2,2,2,AFG,2
3,119.699914727,104.896242536,ADM2,AFG_ADM2_1_3_3_3,Khwajaumari,ADM2,2,3,AFG,3
4,34.4414913182,30.1819552749,ADM2,AFG_ADM2_1_3_3_4,Giro,ADM2,2,4,AFG,4
5,31.4220611275,27.5353875614,ADM2,AFG_ADM2_1_3_3_5,Janikhel,ADM2,2,5,AFG,5
6,119.590648959,104.82818751,ADM2,AFG_ADM2_1_3_3_6,Gyan,ADM2,2,6,AFG,6
7,29.6316592709,25.9676679835,ADM2,AFG_ADM2_1_3_3_7,Sarobi,ADM2,2,7,AFG,7
8,77.9360422465,68.2967066268,ADM2,AFG_ADM2_1_3_3_8,Urgun,ADM2,2,8,AFG,8
9,84.4419908936,74.1242251058,ADM2,AFG_ADM2_1_3_3_9,Tani,ADM2,2,9,AFG,9
10,155.536966703,136.337701006,ADM2,AFG_ADM2_1_3_3_10,Khost (Matun),ADM2,2,10,AFG,10
11,56.20299728,49.3184246412,ADM2,AFG_ADM2_1_3_3_11,Bak,ADM2,2,11,AFG,11
12,82.6868573117,72.4592156047,ADM2,AFG_ADM2_1_3_3_12,Sabari,ADM2,2,12,AFG,12
13,86.8583832705,76.3295639445,ADM2,AFG_ADM2_1_3_3_13,Dand Wa Patan,ADM2,2,13,AFG,13
14,65.9588365028,57.7950544339,ADM2,AFG_ADM2_1_3_3_14,Shawak,ADM2,2,14,AFG,14
15,62.4423230154,54.7195991154,ADM2,AFG_ADM2_1_3_3_15,Zurmat,ADM2,2,15,AFG,15
16,67.1788501428,58.8722721633,ADM2,AFG_ADM2_1_3_3_16,Naka,ADM2,2,16,AFG,16
17,30.5133661522,26.7410658679,ADM2,AFG_ADM2_1_3_3_17,Azra,ADM2,2,17,AFG,17
18,77.5208739341,67.967092659,ADM2,AFG_ADM2_1_3_3_18,Alikhel (Jaji),ADM2,2,18,AFG,18
19,58.74526422,51.4792613976,ADM2,AFG_ADM2_1_3_3_19,Khoshi,ADM2,2,19,AFG,19
20,88.618687405,77.6576697512,ADM2,AFG_ADM2_1_3_3_20,Ahmadaba,ADM2,2,20,AFG,20
21,87.9046121839,77.0336632867,ADM2,AFG_ADM2_1_3_3_21,Charkh,ADM2,2,21,AFG,21
22,71.0908237326,62.2989173041,ADM2,AFG_ADM2_1_3_3_22,Saydabad,ADM2,2,22,AFG,22
23,90.6318946202,79.4479526456,ADM2,AFG_ADM2_1_3_3_23,Sherzad,ADM2,2,23,AFG,23
24,34.5103475145,30.2417590307,ADM2,AFG_ADM2_1_3_3_24,Hesarak,ADM2,2,24,AFG,24
25,174.376159137,152.854912915,ADM2,AFG_ADM2_1_3_3_25,Khogyani,ADM2,2,25,AFG,25
26,503.772562472,441.466960755,ADM2,AFG_ADM2_1_3_3_26,Behsud,ADM2,2,26,AFG,26
27,206.92954659,181.334062575,ADM2,AFG_ADM2_1_3_3_27,Chaparhar,ADM2,2,27,AFG,27
28,217.648656617,190.725523189,ADM2,AFG_ADM2_1_3_3_28,Shinwar,ADM2,2,28,AFG,28
29,87.3487797296,76.6958811818,ADM2,AFG_ADM2_1_3_3_29,Durbaba,ADM2,2,29,AFG,29
30,472.331038571,413.91446824,ADM2,AFG_ADM2_1_3_3_30,Paghman,ADM2,2,30,AFG,30
31,1137.07524153,996.439344718,ADM2,AFG_ADM2_1_3_3_31,Chaharasyab,ADM2,2,31,AFG,31
32,81.8356218582,71.7144471145,ADM2,AFG_ADM2_1_3_3_32,Dehsabz,ADM2,2,32,AFG,32
33,190.127514073,166.611472002,ADM2,AFG_ADM2_1_3_3_33,Bagrami,ADM2,2,33,AFG,33
34,42.1925356908,36.9740868117,ADM2,AFG_ADM2_1_3_3_34,Khak-e-Jabbar,ADM2,2,34,AFG,34
35,537.798147112,471.291564441,ADM2,AFG_ADM2_1_3_3_35,Kalakan,ADM2,2,35,AFG,35
36,364.708361944,319.602014697,ADM2,AFG_ADM2_1_3_3_36,Shakardara,ADM2,2,36,AFG,36
37,53.4976698796,46.8811268395,ADM2,AFG_ADM2_1_3_3_37,Surkh-e-Parsa,ADM2,2,37,AFG,37
38,246.451548158,215.971873318,ADM2,AFG_ADM2_1_3_3_38,Guldara,ADM2,2,38,AFG,38
39,599.850941,525.666308159,ADM2,AFG_ADM2_1_3_3_39,Mirbachakot,ADM2,2,39,AFG,39
40,254.225578035,222.786723607,ADM2,AFG_ADM2_1_3_3_40,Farza,ADM2,2,40,AFG,40
41,309.128276378,270.894097744,ADM2,AFG_ADM2_1_3_3_41,Estalef,ADM2,2,41,AFG,41
42,489.146694039,428.651084205,ADM2,AFG_ADM2_1_3_3_42,Charikar,ADM2,2,42,AFG,42
43,215.39536254,188.754856609,ADM2,AFG_ADM2_1_3_3_43,Bagram,ADM2,2,43,AFG,43
44,575.102294371,503.976010017,ADM2,AFG_ADM2_1_3_3_44,Saydkhel,ADM2,2,44,AFG,44
45,66.3302744473,58.1260084739,ADM2,AFG_ADM2_1_3_3_45,Surobi,ADM2,2,45,AFG,45
46,504.7059273,442.283677894,ADM2,AFG_ADM2_1_3_3_46,Hisa-e-Awal-e-Kohestan,ADM2,2,46,AFG,46
47,151.166397668,132.723476112,ADM2,AFG_ADM2_1_3_3_47,Muhmand Dara,ADM2,2,47,AFG,47
48,73.6154678832,64.6061757794,ADM2,AFG_ADM2_1_3_3_48,Goshta,ADM2,2,48,AFG,48
49,132.129096787,115.787787883,ADM2,AFG_ADM2_1_3_3_49,Rodat,ADM2,2,49,AFG,49
50,282.339514444,247.420766522,ADM2,AFG_ADM2_1_3_3_50,Kama,ADM2,2,50,AFG,50
51,551.541650926,483.327028674,ADM2,AFG_ADM2_1_3_3_51,Hisa-e-Duwum-e-Kohestan,ADM2,2,51,AFG,51
52,171.391226505,150.191350783,ADM2,AFG_ADM2_1_3_3_52,Kohband,ADM2,2,52,AFG,52
53,169.647800515,148.666227888,ADM2,AFG_ADM2_1_3_3_53,Nejrab,ADM2,2,53,AFG,53
54,105.61403929,92.5499821837,ADM2,AFG_ADM2_1_3_3_54,Alasay,ADM2,2,54,AFG,54
55,102.122563414,89.4914929413,ADM2,AFG_ADM2_1_3_3_55,Alishang,ADM2,2,55,AFG,55
56,157.562580135,138.075172216,ADM2,AFG_ADM2_1_3_3_56,Mehtarlam / Bad Pash,ADM2,2,56,AFG,56
57,70.4003893458,61.6926963002,ADM2,AFG_ADM2_1_3_3_57,Rukha,ADM2,2,57,AFG,57
58,39.825565482,34.900062081,ADM2,AFG_ADM2_1_3_3_58,Dawlatshah,ADM2,2,58,AFG,58
59,17.133941025,15.0147543998,ADM2,AFG_ADM2_1_3_3_59,Duab,ADM2,2,59,AFG,59
60,93.399106961,81.9650187037,ADM2,AFG_ADM2_1_3_3_60,Khaskunar,ADM2,2,60,AFG,60
61,182.348441612,159.795966649,ADM2,AFG_ADM2_1_3_3_61,Kuzkunar,ADM2,2,61,AFG,61
62,83.7264553694,73.3711604759,ADM2,AFG_ADM2_1_3_3_62,Nurgal,ADM2,2,62,AFG,62
63,97.6123377021,85.5389567886,ADM2,AFG_ADM2_1_3_3_63,Asadabad,ADM2,2,63,AFG,63
64,81.5116424267,71.4305031785,ADM2,AFG_ADM2_1_3_3_64,Watapur,ADM2,2,64,AFG,64
65,76.9972272155,67.5007804913,ADM2,AFG_ADM2_1_3_3_65,Shigal Wa Sheltan,ADM2,2,65,AFG,65
66,33.5690746626,29.4176131447,ADM2,AFG_ADM2_1_3_3_66,Ghaziabad,ADM2,2,66,AFG,66
67,2.78866727274,2.44372871591,ADM2,AFG_ADM2_1_3_3_67,Reg,ADM2,2,67,AFG,67
68,75.7530562661,66.3837834453,ADM2,AFG_ADM2_1_3_3_68,Nawa-e-Barakzaiy,ADM2,2,68,AFG,68
69,55.0679384189,48.2569378867,ADM2,AFG_ADM2_1_3_3_69,Sangin,ADM2,2,69,AFG,69
70,25.7422119659,22.5583963424,ADM2,AFG_ADM2_1_3_3_70,Musaqalah,ADM2,2,70,AFG,70
71,3.15841033651,2.76776221077,ADM2,AFG_ADM2_1_3_3_71,Koran Wa Monjan,ADM2,2,71,AFG,71
72,5.17072325032,4.53087085728,ADM2,AFG_ADM2_1_3_3_72,Poruns,ADM2,2,72,AFG,72
73,72.3178475901,63.3739636195,ADM2,AFG_ADM2_1_3_3_73,Ghorband,ADM2,2,73,AFG,73
74,313.138991809,274.408975338,ADM2,AFG_ADM2_1_3_3_74,Batikot,ADM2,2,74,AFG,74
75,153.644082508,134.70244506,ADM2,AFG_ADM2_1_3_3_75,Achin,ADM2,2,75,AFG,75
76,123.890317784,108.568183069,ADM2,AFG_ADM2_1_3_3_76,Kot,ADM2,2,76,AFG,76
77,11.4233179209,10.0116960419,ADM2,AFG_ADM2_1_3_3_77,Balamurghab,ADM2,2,77,AFG,77
78,7.47409729166,6.54965913702,ADM2,AFG_ADM2_1_3_3_78,Jawand,ADM2,2,78,AFG,78
79,44.9771345802,39.4146712041,ADM2,AFG_ADM2_1_3_3_79,Qaysar,ADM2,2,79,AFG,79
80,76.2542727005,66.8238702858,ADM2,AFG_ADM2_1_3_3_80,Khwajasabzposh,ADM2,2,80,AFG,80
81,43.8349891595,38.4130383115,ADM2,AFG_ADM2_1_3_3_81,Qushtepa,ADM2,2,81,AFG,81
82,15.648603509,13.7138145045,ADM2,AFG_ADM2_1_3_3_82,Dawlatabad,ADM2,2,82,AFG,82
83,14.567674577,12.7654869176,ADM2,AFG_ADM2_1_3_3_83,Andkhoy,ADM2,2,83,AFG,83
84,48.5936383301,42.5907237798,ADM2,AFG_ADM2_1_3_3_84,Qarqin,ADM2,2,84,AFG,84
85,66.004648971,57.84159456,ADM2,AFG_ADM2_1_3_3_85,Dawlatabad,ADM2,2,85,AFG,85
86,76.2000269961,66.7751897118,ADM2,AFG_ADM2_1_3_3_86,Sancharak,ADM2,2,86,AFG,86
87,63.2174352127,55.3986714,ADM2,AFG_ADM2_1_3_3_87,Sozmaqala,ADM2,2,87,AFG,87
88,37.7646520119,33.2041863326,ADM2,AFG_ADM2_1_3_3_88,Qala-e-Zal,ADM2,2,88,AFG,88
89,348.389657942,305.301850764,ADM2,AFG_ADM2_1_3_3_89,Kunduz,ADM2,2,89,AFG,89
90,22.7163665483,19.9070054518,ADM2,AFG_ADM2_1_3_3_90,Andarab,ADM2,2,90,AFG,90
91,21.142905714,18.5284830237,ADM2,AFG_ADM2_1_3_3_91,Khenjan,ADM2,2,91,AFG,91
92,16.5110765031,14.4686168653,ADM2,AFG_ADM2_1_3_3_92,Ruy-e-Duab,ADM2,2,92,AFG,92
93,9.922824195,8.69556134255,ADM2,AFG_ADM2_1_3_3_93,Tala Wa barfak,ADM2,2,93,AFG,93
94,34.5282652279,30.2580456698,ADM2,AFG_ADM2_1_3_3_94,Khwajahejran,ADM2,2,94,AFG,94
95,21.4121851323,18.7636664863,ADM2,AFG_ADM2_1_3_3_95,Guzargah-e-Nur,ADM2,2,95,AFG,95
96,50.3637636405,44.1346673616,ADM2,AFG_ADM2_1_3_3_96,Chal,ADM2,2,96,AFG,96
97,102.977742845,90.298235799,ADM2,AFG_ADM2_1_3_3_97,Dasht-e-Archi,ADM2,2,97,AFG,97
98,77.1714965176,67.6273454991,ADM2,AFG_ADM2_1_3_3_98,Bangi,ADM2,2,98,AFG,98
99,103.384211689,90.597100339,ADM2,AFG_ADM2_1_3_3_99,Hazarsumuch,ADM2,2,99,AFG,99
100,64.4756157454,56.7002305883,ADM2,AFG_ADM2_1_3_3_100,Dasht-e-Qala,ADM2,2,100,AFG,100
101,82.8399978966,72.5948402824,ADM2,AFG_ADM2_1_3_3_101,Rostaq,ADM2,2,101,AFG,101
102,64.1303192625,56.1993194134,ADM2,AFG_ADM2_1_3_3_102,Khwajabahawuddin,ADM2,2,102,AFG,102
103,59.7393535314,52.3965105726,ADM2,AFG_ADM2_1_3_3_103,Yang-e-Qala,ADM2,2,103,AFG,103
104,65.7652478382,57.6314749609,ADM2,AFG_ADM2_1_3_3_104,Yaftal-e-Sufla,ADM2,2,104,AFG,104
105,22.0983572683,19.3648858341,ADM2,AFG_ADM2_1_3_3_105,Kohestan,ADM2,2,105,AFG,105
106,24.6919968566,21.6380927881,ADM2,AFG_ADM2_1_3_3_106,Khash,ADM2,2,106,AFG,106
107,21.6325005384,18.9570629975,ADM2,AFG_ADM2_1_3_3_107,Baharak,ADM2,2,107,AFG,107
108,30.6392915914,26.8500000206,ADM2,AFG_ADM2_1_3_3_108,Keshem,ADM2,2,108,AFG,108
109,26.4255214383,23.1570956867,ADM2,AFG_ADM2_1_3_3_109,Dara-e Suf-e-Bala,ADM2,2,109,AFG,109
110,51.4887608868,45.1210002654,ADM2,AFG_ADM2_1_3_3_110,Aybak,ADM2,2,110,AFG,110
111,22.062056724,19.3334109954,ADM2,AFG_ADM2_1_3_3_111,Yamgan,ADM2,2,111,AFG,111
112,11.2919497275,9.89522103649,ADM2,AFG_ADM2_1_3_3_112,Warsaj,ADM2,2,112,AFG,112
113,19.764015047,17.3195649956,ADM2,AFG_ADM2_1_3_3_113,Baghran,ADM2,2,113,AFG,113
114,15.9120052878,13.9438812224,ADM2,AFG_ADM2_1_3_3_114,Pasaband,ADM2,2,114,AFG,114
115,12.3616172404,10.8324790902,ADM2,AFG_ADM2_1_3_3_115,Chora / Chinarto,ADM2,2,115,AFG,115
116,24.2195608196,21.2240901006,ADM2,AFG_ADM2_1_3_3_116,Kajran,ADM2,2,116,AFG,116
117,18.8090882223,16.4827936132,ADM2,AFG_ADM2_1_3_3_117,Nili,ADM2,2,117,AFG,117
118,21.6965952192,19.0132438282,ADM2,AFG_ADM2_1_3_3_118,Kiti,ADM2,2,118,AFG,118
119,19.5749174145,17.1538798826,ADM2,AFG_ADM2_1_3_3_119,Khadir,ADM2,2,119,AFG,119
120,19.6285892792,17.2009125202,ADM2,AFG_ADM2_1_3_3_120,Sang-e-Takht,ADM2,2,120,AFG,120
121,15.9110368704,13.943235342,ADM2,AFG_ADM2_1_3_3_121,Gizab / Patoo,ADM2,2,121,AFG,121
122,25.5422932207,22.3832907286,ADM2,AFG_ADM2_1_3_3_122,Shahrestan,ADM2,2,122,AFG,122
123,16.7275280091,14.6585335481,ADM2,AFG_ADM2_1_3_3_123,Ajrestan,ADM2,2,123,AFG,123
124,15.897969666,13.9319471626,ADM2,AFG_ADM2_1_3_3_124,Ghorak,ADM2,2,124,AFG,124
125,3.22633214332,2.82716553736,ADM2,AFG_ADM2_1_3_3_125,Washer,ADM2,2,125,AFG,125
126,3.01917850756,2.64579823621,ADM2,AFG_ADM2_1_3_3_126,Khashrod / Dularam,ADM2,2,126,AFG,126
127,15.7274718944,13.78236693,ADM2,AFG_ADM2_1_3_3_127,Nawzad,ADM2,2,127,AFG,127
128,50.0069251955,43.8218747115,ADM2,AFG_ADM2_1_3_3_128,Nahr-e-Saraj,ADM2,2,128,AFG,128
129,30.7977903699,26.988389814,ADM2,AFG_ADM2_1_3_3_129,Kajaki,ADM2,2,129,AFG,129
130,22.4320502156,19.6573274505,ADM2,AFG_ADM2_1_3_3_130,Khasuruzgan,ADM2,2,130,AFG,130
131,308.722910741,270.541557278,ADM2,AFG_ADM2_1_3_3_131,Surkhrod,ADM2,2,131,AFG,131
132,22.6447082835,19.8440482468,ADM2,AFG_ADM2_1_3_3_132,Nad-e-Ali / Marja,ADM2,2,132,AFG,132
133,3.89866038472,3.41658575595,ADM2,AFG_ADM2_1_3_3_133,Gulestan,ADM2,2,133,AFG,133
134,17.0185691473,14.9137565657,ADM2,AFG_ADM2_1_3_3_134,Qadis,ADM2,2,134,AFG,134
135,21.1265103651,18.5150105524,ADM2,AFG_ADM2_1_3_3_135,Ghormach,ADM2,2,135,AFG,135
136,24.8743432714,21.7977432457,ADM2,AFG_ADM2_1_3_3_136,Maywand,ADM2,2,136,AFG,136
137,9.13713973695,8.00698942403,ADM2,AFG_ADM2_1_3_3_137,DoLayna,ADM2,2,137,AFG,137
138,5.87644708253,5.15824372968,ADM2,AFG_ADM2_1_3_3_138,Qala-e-Kah,ADM2,2,138,AFG,138
139,8.96406067978,7.85747491545,ADM2,AFG_ADM2_1_3_3_139,Shibkoh,ADM2,2,139,AFG,139
140,27.3305245191,23.8322200207,ADM2,AFG_ADM2_1_3_3_140,Kang,ADM2,2,140,AFG,140
141,37.4410877526,32.7700671131,ADM2,AFG_ADM2_1_3_3_141,Zaranj,ADM2,2,141,AFG,141
142,0.251861242474,0.220934243589,ADM2,AFG_ADM2_1_3_3_142,Reg,ADM2,2,142,AFG,142
143,8.86369849147,7.77531979936,ADM2,AFG_ADM2_1_3_3_143,Spinboldak,ADM2,2,143,AFG,143
144,8.79577650408,7.7112522184,ADM2,AFG_ADM2_1_3_3_144,Arghestan,ADM2,2,144,AFG,144
145,10.2854406301,9.02459465605,ADM2,AFG_ADM2_1_3_3_145,Maruf,ADM2,2,145,AFG,145
146,6.88985398948,6.0369792772,ADM2,AFG_ADM2_1_3_3_146,Atghar,ADM2,2,146,AFG,146
147,42.053682198,36.8520839391,ADM2,AFG_ADM2_1_3_3_147,Malestan,ADM2,2,147,AFG,147
148,12.3782241131,10.8493720582,ADM2,AFG_ADM2_1_3_3_148,Shomulzay,ADM2,2,148,AFG,148
149,7.40439438276,6.49251251557,ADM2,AFG_ADM2_1_3_3_149,Turwo,ADM2,2,149,AFG,149
150,1.59081244108,1.39637646437,ADM2,AFG_ADM2_1_3_3_150,Wormamay,ADM2,2,150,AFG,150
151,20.1494088281,17.6565065634,ADM2,AFG_ADM2_1_3_3_151,Abband,ADM2,2,151,AFG,151
152,15.7433210461,13.795401886,ADM2,AFG_ADM2_1_3_3_152,Dila,ADM2,2,152,AFG,152
153,30.5771144528,26.894431032,ADM2,AFG_ADM2_1_3_3_153,Bermel,ADM2,2,153,AFG,153
154,71.1763378492,62.5438325493,ADM2,AFG_ADM2_1_3_3_154,Gurbuz,ADM2,2,154,AFG,154
155,69.4858311451,61.179826294,ADM2,AFG_ADM2_1_3_3_155,Jajimaydan,ADM2,2,155,AFG,155
156,97.331608976,85.4642444076,ADM2,AFG_ADM2_1_3_3_156,Nazyan,ADM2,2,156,AFG,156
157,46.0675602109,40.5910522396,ADM2,AFG_ADM2_1_3_3_157,Lalpur,ADM2,2,157,AFG,157
158,113.014944923,99.2059661407,ADM2,AFG_ADM2_1_3_3_158,Sarkani,ADM2,2,158,AFG,158
159,58.7003421417,51.5821325467,ADM2,AFG_ADM2_1_3_3_159,Dangam,ADM2,2,159,AFG,159
160,33.5947127817,29.4618454492,ADM2,AFG_ADM2_1_3_3_160,Nari,ADM2,2,160,AFG,160
161,12.2110883594,10.7012410072,ADM2,AFG_ADM2_1_3_3_161,Kamdesh,ADM2,2,161,AFG,161
162,101.612093074,89.1452964203,ADM2,AFG_ADM2_1_3_3_162,Pachieragam,ADM2,2,162,AFG,162
163,25.5022259684,22.3479522332,ADM2,AFG_ADM2_1_3_3_163,Farah,ADM2,2,163,AFG,163
164,3.5591744171,3.11893449379,ADM2,AFG_ADM2_1_3_3_164,Chakhansur,ADM2,2,164,AFG,164
165,2.19616041903,1.91708331701,ADM2,AFG_ADM2_1_3_3_165,Charburjak,ADM2,2,165,AFG,165
166,1.96102581824,1.71891017245,ADM2,AFG_ADM2_1_3_3_166,Deh-e-Shu,ADM2,2,166,AFG,166
167,4.75243419539,4.16483290238,ADM2,AFG_ADM2_1_3_3_167,Garmser,ADM2,2,167,AFG,167
168,5.55028647241,4.87931966082,ADM2,AFG_ADM2_1_3_3_168,Shorabak,ADM2,2,168,AFG,168
169,4.28694098597,3.78460362472,ADM2,AFG_ADM2_1_3_3_169,Gomal,ADM2,2,169,AFG,169
170,5.87321520582,5.12176110758,ADM2,AFG_ADM2_1_3_3_170,Lash-e-Juwayn,ADM2,2,170,AFG,170
171,69.9942789245,61.5386290807,ADM2,AFG_ADM2_1_3_3_171,Terezayi,ADM2,2,171,AFG,171
172,5.84967166448,5.1277894796,ADM2,AFG_ADM2_1_3_3_172,Barg-e-Matal,ADM2,2,172,AFG,172
173,10.7058347882,9.38181226615,ADM2,AFG_ADM2_1_3_3_173,Mandol,ADM2,2,173,AFG,173
174,131.24218085,115.009888233,ADM2,AFG_ADM2_1_3_3_174,Shinwari,ADM2,2,174,AFG,174
175,14.7237307074,12.9028578457,ADM2,AFG_ADM2_1_3_3_175,Khak-e-Safed,ADM2,2,175,AFG,175
176,2.81079773366,2.47211656912,ADM2,AFG_ADM2_1_3_3_176,Anardara,ADM2,2,176,AFG,176
177,10.0261399002,8.82729605497,ADM2,AFG_ADM2_1_3_3_177,Gulran,ADM2,2,177,AFG,177
178,10.9937164661,9.67483108621,ADM2,AFG_ADM2_1_3_3_178,Kohsan,ADM2,2,178,AFG,178
179,23.0409843502,20.1922756375,ADM2,AFG_ADM2_1_3_3_179,Kushk,ADM2,2,179,AFG,179
180,20.9644530537,18.3719570198,ADM2,AFG_ADM2_1_3_3_180,Kushk-e-Kohna,ADM2,2,180,AFG,180
181,9.06962830327,7.95927313237,ADM2,AFG_ADM2_1_3_3_181,Ghoryan,ADM2,2,181,AFG,181
182,4.09712007267,3.59369306679,ADM2,AFG_ADM2_1_3_3_182,Adraskan,ADM2,2,182,AFG,182
183,25.4262412087,22.2831332422,ADM2,AFG_ADM2_1_3_3_183,Muqur,ADM2,2,183,AFG,183
184,16.4459649881,14.4161555682,ADM2,AFG_ADM2_1_3_3_184,Almar,ADM2,2,184,AFG,184
185,29.667194549,26.0004143735,ADM2,AFG_ADM2_1_3_3_185,Shirintagab,ADM2,2,185,AFG,185
186,12.3227731542,10.8010079871,ADM2,AFG_ADM2_1_3_3_186,Qaramqol,ADM2,2,186,AFG,186
187,48.0102351695,42.0773780226,ADM2,AFG_ADM2_1_3_3_187,Qorghan,ADM2,2,187,AFG,187
188,21.3748687942,18.7370809287,ADM2,AFG_ADM2_1_3_3_188,Khan-e-Char Bagh,ADM2,2,188,AFG,188
189,56.3313370584,49.3641510287,ADM2,AFG_ADM2_1_3_3_189,Shiberghan,ADM2,2,189,AFG,189
190,56.6921920944,49.6801941003,ADM2,AFG_ADM2_1_3_3_190,Fayzabad,ADM2,2,190,AFG,190
191,16.1494709286,14.1584875799,ADM2,AFG_ADM2_1_3_3_191,Khamyab,ADM2,2,191,AFG,191
192,42.8273276972,37.8959250667,ADM2,AFG_ADM2_1_3_3_192,Shortepa,ADM2,2,192,AFG,192
193,41.6574254562,36.6390920404,ADM2,AFG_ADM2_1_3_3_193,Kaldar,ADM2,2,193,AFG,193
194,38.5278479658,33.783637053,ADM2,AFG_ADM2_1_3_3_194,Khulm,ADM2,2,194,AFG,194
195,14.1999803506,12.4437005775,ADM2,AFG_ADM2_1_3_3_195,Yakawlang,ADM2,2,195,AFG,195
196,39.310322176,34.4485898607,ADM2,AFG_ADM2_1_3_3_196,Sayad,ADM2,2,196,AFG,196
197,117.833529312,103.594888032,ADM2,AFG_ADM2_1_3_3_197,Emamsaheb,ADM2,2,197,AFG,197
198,45.5860764025,40.383334693,ADM2,AFG_ADM2_1_3_3_198,Darqad,ADM2,2,198,AFG,198
199,52.5510280949,46.3049622609,ADM2,AFG_ADM2_1_3_3_199,Chahab,ADM2,2,199,AFG,199
200,53.0482720618,46.5760581534,ADM2,AFG_ADM2_1_3_3_200,Shahr-e-Buzorg,ADM2,2,200,AFG,200
201,8.85567982402,7.86103322716,ADM2,AFG_ADM2_1_3_3_201,Khwahan,ADM2,2,201,AFG,201
202,7.62161474219,6.68453714909,ADM2,AFG_ADM2_1_3_3_202,Kofab,ADM2,2,202,AFG,202
203,7.87846986157,6.93520191597,ADM2,AFG_ADM2_1_3_3_203,Shaki,ADM2,2,203,AFG,203
204,7.90195054682,6.93823459869,ADM2,AFG_ADM2_1_3_3_204,Darwaz,ADM2,2,204,AFG,204
205,7.2115104412,6.35014313532,ADM2,AFG_ADM2_1_3_3_205,Darwaz-e-Balla,ADM2,2,205,AFG,205
206,6.53040655339,5.73497074125,ADM2,AFG_ADM2_1_3_3_206,Shighnan,ADM2,2,206,AFG,206
207,6.72667328564,5.8958155428,ADM2,AFG_ADM2_1_3_3_207,Zebak,ADM2,2,207,AFG,207
208,7.23433593764,6.37700291329,ADM2,AFG_ADM2_1_3_3_208,Eshkashem,ADM2,2,208,AFG,208
209,2.72859354646,2.40452011218,ADM2,AFG_ADM2_1_3_3_209,Wakhan,ADM2,2,209,AFG,209
210,90.3792594426,79.2954029191,ADM2,AFG_ADM2_1_3_3_210,Khwajaghar,ADM2,2,210,AFG,210
211,46.130018411,40.4242687288,ADM2,AFG_ADM2_1_3_3_211,Marmul,ADM2,2,211,AFG,211
212,308.042296708,269.94300824,ADM2,AFG_ADM2_1_3_3_212,Nahr-e-Shahi,ADM2,2,212,AFG,212
213,44.9427825092,39.3835573152,ADM2,AFG_ADM2_1_3_3_213,Lashkargah,ADM2,2,213,AFG,213
214,33.3694342002,29.2422254105,ADM2,AFG_ADM2_1_3_3_214,Pushtrod,ADM2,2,214,AFG,214
215,8.63071454201,7.56316693131,ADM2,AFG_ADM2_1_3_3_215,Bakwa,ADM2,2,215,AFG,215
216,428.114462116,375.164855599,ADM2,AFG_ADM2_1_3_3_216,Kandahar / Dand,ADM2,2,216,AFG,216
217,21.0733758417,18.466934339,ADM2,AFG_ADM2_1_3_3_217,Zheray,ADM2,2,217,AFG,217
218,14.9943834642,13.1397969076,ADM2,AFG_ADM2_1_3_3_218,Khakrez,ADM2,2,218,AFG,218
219,20.507404757,17.9712193131,ADM2,AFG_ADM2_1_3_3_219,Daman,ADM2,2,219,AFG,219
220,8.40776401831,7.36838263645,ADM2,AFG_ADM2_1_3_3_220,Nesh,ADM2,2,220,AFG,220
221,19.7121373614,17.2737960502,ADM2,AFG_ADM2_1_3_3_221,Shahwalikot,ADM2,2,221,AFG,221
222,13.4088596314,11.7501308145,ADM2,AFG_ADM2_1_3_3_222,Miyanshin,ADM2,2,222,AFG,222
223,26.838258622,23.5188764195,ADM2,AFG_ADM2_1_3_3_223,Dehrawud,ADM2,2,223,AFG,223
224,26.1701984795,22.9332657046,ADM2,AFG_ADM2_1_3_3_224,Shahid-e-Hassas,ADM2,2,224,AFG,224
225,33.5886086311,29.4347015426,ADM2,AFG_ADM2_1_3_3_225,Tirinkot,ADM2,2,225,AFG,225
226,8.62358413171,7.55680089118,ADM2,AFG_ADM2_1_3_3_226,Tarnak Wa Jaldak,ADM2,2,226,AFG,226
227,11.4289042953,10.0156709588,ADM2,AFG_ADM2_1_3_3_227,Mizan,ADM2,2,227,AFG,227
228,17.817274183,15.6133666113,ADM2,AFG_ADM2_1_3_3_228,Daychopan,ADM2,2,228,AFG,228
229,12.3008087528,10.77898019,ADM2,AFG_ADM2_1_3_3_229,Arghandab,ADM2,2,229,AFG,229
230,15.8418617422,13.8820686502,ADM2,AFG_ADM2_1_3_3_230,Qalat,ADM2,2,230,AFG,230
231,15.1993413171,13.3190996807,ADM2,AFG_ADM2_1_3_3_231,Kakar,ADM2,2,231,AFG,231
232,30.286438089,26.5406749629,ADM2,AFG_ADM2_1_3_3_232,Shahjoy,ADM2,2,232,AFG,232
233,10.9358781312,9.58293261715,ADM2,AFG_ADM2_1_3_3_233,Shinkay,ADM2,2,233,AFG,233
234,11.0974489892,9.7248319075,ADM2,AFG_ADM2_1_3_3_234,Nawbahar,ADM2,2,234,AFG,234
235,68.9125766812,60.3893555194,ADM2,AFG_ADM2_1_3_3_235,Jaghuri,ADM2,2,235,AFG,235
236,47.4336968846,41.5664272049,ADM2,AFG_ADM2_1_3_3_236,Gelan,ADM2,2,236,AFG,236
237,42.6650243381,37.3882220654,ADM2,AFG_ADM2_1_3_3_237,Muqur,ADM2,2,237,AFG,237
238,59.8643530552,52.4602752906,ADM2,AFG_ADM2_1_3_3_238,Qarabagh,ADM2,2,238,AFG,238
239,120.178746762,105.314539697,ADM2,AFG_ADM2_1_3_3_239,Andar,ADM2,2,239,AFG,239
240,65.3216521213,57.2425129596,ADM2,AFG_ADM2_1_3_3_240,Waghaz,ADM2,2,240,AFG,240
241,245.264339865,214.930281338,ADM2,AFG_ADM2_1_3_3_241,Walimuhammad-e-Shahid,ADM2,2,241,AFG,241
242,35.5788004393,31.1784495941,ADM2,AFG_ADM2_1_3_3_242,Jaghatu,ADM2,2,242,AFG,242
243,179.693592201,157.469303667,ADM2,AFG_ADM2_1_3_3_243,Dehyak,ADM2,2,243,AFG,243
244,2651.61872688,2323.6687231,ADM2,AFG_ADM2_1_3_3_244,Ghazni,ADM2,2,244,AFG,244
245,91.3707026592,80.0711700633,ADM2,AFG_ADM2_1_3_3_245,Zanakhan,ADM2,2,245,AFG,245
246,15.7335352314,13.7876049467,ADM2,AFG_ADM2_1_3_3_246,Nawur,ADM2,2,246,AFG,246
247,10.7636766727,9.43227619309,ADM2,AFG_ADM2_1_3_3_247,Nawa,ADM2,2,247,AFG,247
248,7.07584160021,6.20031237817,ADM2,AFG_ADM2_1_3_3_248,Wazakhah,ADM2,2,248,AFG,248
249,34.527029226,30.2563488254,ADM2,AFG_ADM2_1_3_3_249,Zarghunshahr,ADM2,2,249,AFG,249
250,35.1117249421,30.7687164361,ADM2,AFG_ADM2_1_3_3_250,Yahyakhel,ADM2,2,250,AFG,250
251,22.8467250459,20.0210413073,ADM2,AFG_ADM2_1_3_3_251,Omna,ADM2,2,251,AFG,251
252,67.4812888621,59.1367975086,ADM2,AFG_ADM2_1_3_3_252,Ziruk,ADM2,2,252,AFG,252
253,32.617212771,28.5820643501,ADM2,AFG_ADM2_1_3_3_253,Sarrawzah,ADM2,2,253,AFG,253
254,54.718979864,47.9503131609,ADM2,AFG_ADM2_1_3_3_254,Sharan,ADM2,2,254,AFG,254
255,49.1285355156,43.0514239097,ADM2,AFG_ADM2_1_3_3_255,Yosufkhel,ADM2,2,255,AFG,255
256,55.0674348915,48.2564275203,ADM2,AFG_ADM2_1_3_3_256,Matakhan,ADM2,2,256,AFG,256
257,48.2910124372,42.3598850112,ADM2,AFG_ADM2_1_3_3_257,Spera,ADM2,2,257,AFG,257
258,188.463011623,165.158429113,ADM2,AFG_ADM2_1_3_3_258,Mandozayi,ADM2,2,258,AFG,258
259,57.3662646398,50.2694630705,ADM2,AFG_ADM2_1_3_3_259,Shamal,ADM2,2,259,AFG,259
260,41.5409516912,36.4037483786,ADM2,AFG_ADM2_1_3_3_260,Nadirshahkot,ADM2,2,260,AFG,260
261,63.2078171289,55.3891625946,ADM2,AFG_ADM2_1_3_3_261,Janikhel,ADM2,2,261,AFG,261
262,85.3464245319,74.7891616781,ADM2,AFG_ADM2_1_3_3_262,Musakhel,ADM2,2,262,AFG,262
263,48.8777988062,42.8309668765,ADM2,AFG_ADM2_1_3_3_263,Qalandar,ADM2,2,263,AFG,263
264,83.0959048798,72.8190718041,ADM2,AFG_ADM2_1_3_3_264,Chamkani,ADM2,2,264,AFG,264
265,59.7038482204,52.3196637229,ADM2,AFG_ADM2_1_3_3_265,Lija Ahmad Khel / Laja Mangel,ADM2,2,265,AFG,265
266,87.7357767904,76.8839104752,ADM2,AFG_ADM2_1_3_3_266,Sayedkaram / Mirzaka,ADM2,2,266,AFG,266
267,53.1988279469,46.618752203,ADM2,AFG_ADM2_1_3_3_267,Zadran,ADM2,2,267,AFG,267
268,63.7002389378,55.8224911006,ADM2,AFG_ADM2_1_3_3_268,Kharwar,ADM2,2,268,AFG,268
269,88.6653366747,77.6986921452,ADM2,AFG_ADM2_1_3_3_269,Gardez,ADM2,2,269,AFG,269
270,167.520130996,146.803490583,ADM2,AFG_ADM2_1_3_3_270,Barakibarak,ADM2,2,270,AFG,270
271,80.1750802174,70.2596116178,ADM2,AFG_ADM2_1_3_3_271,Pul-e-Alam,ADM2,2,271,AFG,271
272,66.1042581009,57.9279252248,ADM2,AFG_ADM2_1_3_3_272,Mohammadagha,ADM2,2,272,AFG,272
273,64.9231855749,56.8928759434,ADM2,AFG_ADM2_1_3_3_273,Nerkh,ADM2,2,273,AFG,273
274,142.318617983,124.717565416,ADM2,AFG_ADM2_1_3_3_274,Maydanshahr,ADM2,2,274,AFG,274
275,45.5830943854,39.9450863458,ADM2,AFG_ADM2_1_3_3_275,Jalrez,ADM2,2,275,AFG,275
276,65.4316361981,57.3396953016,ADM2,AFG_ADM2_1_3_3_276,Jaghatu,ADM2,2,276,AFG,276
277,48.623488071,42.6092197389,ADM2,AFG_ADM2_1_3_3_277,Chak,ADM2,2,277,AFG,277
278,29.3306178131,25.7032530815,ADM2,AFG_ADM2_1_3_3_278,Daymirdad,ADM2,2,278,AFG,278
279,38.5194154543,33.7554558704,ADM2,AFG_ADM2_1_3_3_279,Hesa-e-Awal-e-Behsud,ADM2,2,279,AFG,279
280,38.7580708513,33.9642694251,ADM2,AFG_ADM2_1_3_3_280,Markaz-e-Behsud,ADM2,2,280,AFG,280
281,76.2371146776,66.8707808863,ADM2,AFG_ADM2_1_3_3_281,Dehbala,ADM2,2,281,AFG,281
282,835.691983473,732.33493476,ADM2,AFG_ADM2_1_3_3_282,Jalalabad,ADM2,2,282,AFG,282
283,29.2775790914,25.6566320847,ADM2,AFG_ADM2_1_3_3_283,Miramor,ADM2,2,283,AFG,283
284,19.6559002561,17.2248479535,ADM2,AFG_ADM2_1_3_3_284,Ashtarlay,ADM2,2,284,AFG,284
285,32.2532351257,28.2641423096,ADM2,AFG_ADM2_1_3_3_285,Waras,ADM2,2,285,AFG,285
286,33.2394490464,29.1281460208,ADM2,AFG_ADM2_1_3_3_286,Panjab,ADM2,2,286,AFG,286
287,35.9532548153,31.5064018986,ADM2,AFG_ADM2_1_3_3_287,Bamyan,ADM2,2,287,AFG,287
288,13.9170395817,12.1956107632,ADM2,AFG_ADM2_1_3_3_288,Sayghan,ADM2,2,288,AFG,288
289,146.951479768,128.769303933,ADM2,AFG_ADM2_1_3_3_289,Musayi,ADM2,2,289,AFG,289
290,5488.07374772,4809.30966281,ADM2,AFG_ADM2_1_3_3_290,Kabul,ADM2,2,290,AFG,290
291,437.725983514,383.587637249,ADM2,AFG_ADM2_1_3_3_291,Qarabagh,ADM2,2,291,AFG,291
292,30.7596169395,26.9541017306,ADM2,AFG_ADM2_1_3_3_292,Koh-e-Safi,ADM2,2,292,AFG,292
293,516.015823717,452.196537704,ADM2,AFG_ADM2_1_3_3_293,Jabalussaraj,ADM2,2,293,AFG,293
294,138.683841331,121.530016812,ADM2,AFG_ADM2_1_3_3_294,Dara-e-Nur,ADM2,2,294,AFG,294
295,358.552289891,314.205269344,ADM2,AFG_ADM2_1_3_3_295,Mahmud-e-Raqi,ADM2,2,295,AFG,295
296,114.501888624,100.340532855,ADM2,AFG_ADM2_1_3_3_296,Tagab,ADM2,2,296,AFG,296
297,107.457627418,94.1680398277,ADM2,AFG_ADM2_1_3_3_297,Qarghayi,ADM2,2,297,AFG,297
298,24.2048598452,21.2113197761,ADM2,AFG_ADM2_1_3_3_298,Alingar,ADM2,2,298,AFG,298
299,91.1823018168,79.9041295732,ADM2,AFG_ADM2_1_3_3_299,Onaba (Anawa),ADM2,2,299,AFG,299
300,63.0771231253,55.2764154682,ADM2,AFG_ADM2_1_3_3_300,Dara / Ab Shar,ADM2,2,300,AFG,300
301,114.031877203,99.9273585393,ADM2,AFG_ADM2_1_3_3_301,Chawkay,ADM2,2,301,AFG,301
302,109.464104016,95.9223306393,ADM2,AFG_ADM2_1_3_3_302,Narang,ADM2,2,302,AFG,302
303,112.746750699,98.8949450604,ADM2,AFG_ADM2_1_3_3_303,Marawara,ADM2,2,303,AFG,303
304,45.223371331,39.6297249906,ADM2,AFG_ADM2_1_3_3_304,Chapadara,ADM2,2,304,AFG,304
305,87.449953346,76.6341011419,ADM2,AFG_ADM2_1_3_3_305,Dara-e-Pech,ADM2,2,305,AFG,305
306,37.9358717698,33.2444928043,ADM2,AFG_ADM2_1_3_3_306,Barkunar,ADM2,2,306,AFG,306
307,6.04551315917,5.29743283411,ADM2,AFG_ADM2_1_3_3_307,Wama,ADM2,2,307,AFG,307
308,43.4880339596,38.1089185293,ADM2,AFG_ADM2_1_3_3_308,Nurgeram,ADM2,2,308,AFG,308
309,13.3797982079,11.7244410395,ADM2,AFG_ADM2_1_3_3_309,Waygal,ADM2,2,309,AFG,309
310,65.4544868357,57.3585289631,ADM2,AFG_ADM2_1_3_3_310,Bazarak,ADM2,2,310,AFG,310
311,77.5959819568,67.9985851954,ADM2,AFG_ADM2_1_3_3_311,Shutul,ADM2,2,311,AFG,311
312,21.5500798085,18.8848799793,ADM2,AFG_ADM2_1_3_3_312,Paryan,ADM2,2,312,AFG,312
313,24.6641164571,21.6137896279,ADM2,AFG_ADM2_1_3_3_313,Khenj (Hes-e-Awal),ADM2,2,313,AFG,313
314,59.0518800144,51.7482214589,ADM2,AFG_ADM2_1_3_3_314,Salang,ADM2,2,314,AFG,314
315,31.75457836,27.8265592014,ADM2,AFG_ADM2_1_3_3_315,Shekhali,ADM2,2,315,AFG,315
316,24.3318430703,21.3223197023,ADM2,AFG_ADM2_1_3_3_316,Shibar,ADM2,2,316,AFG,316
317,13.3984575464,11.7411655016,ADM2,AFG_ADM2_1_3_3_317,Kahmard,ADM2,2,317,AFG,317
318,26.059738019,22.8365266626,ADM2,AFG_ADM2_1_3_3_318,Lal Wa Sarjangal,ADM2,2,318,AFG,318
319,10.1519140074,8.89643405845,ADM2,AFG_ADM2_1_3_3_319,Balabuluk,ADM2,2,319,AFG,319
320,13.9675259704,12.2401425031,ADM2,AFG_ADM2_1_3_3_320,Shindand,ADM2,2,320,AFG,320
321,29.2407100977,25.6239140043,ADM2,AFG_ADM2_1_3_3_321,Karukh,ADM2,2,321,AFG,321
322,141.014148568,123.57321155,ADM2,AFG_ADM2_1_3_3_322,Injil,ADM2,2,322,AFG,322
323,25.4527474819,22.3046430467,ADM2,AFG_ADM2_1_3_3_323,Zindajan,ADM2,2,323,AFG,323
324,40.8340041234,35.7836421432,ADM2,AFG_ADM2_1_3_3_324,Pashtunzarghun,ADM2,2,324,AFG,324
325,11.4319808416,10.0178496305,ADM2,AFG_ADM2_1_3_3_325,Farsi,ADM2,2,325,AFG,325
326,20.8027351589,18.2296088927,ADM2,AFG_ADM2_1_3_3_326,Obe,ADM2,2,326,AFG,326
327,13.6789379615,11.9871660424,ADM2,AFG_ADM2_1_3_3_327,Tolak,ADM2,2,327,AFG,327
328,7.00936030062,6.14235107249,ADM2,AFG_ADM2_1_3_3_328,Chisht-e-Sharif,ADM2,2,328,AFG,328
329,40.1627677895,35.195722135,ADM2,AFG_ADM2_1_3_3_329,Guzara,ADM2,2,329,AFG,329
330,2536.63871652,2222.90979305,ADM2,AFG_ADM2_1_3_3_330,Hirat,ADM2,2,330,AFG,330
331,30.6940756576,26.8975433923,ADM2,AFG_ADM2_1_3_3_331,Abkamari,ADM2,2,331,AFG,331
332,11.8301846923,10.3670158499,ADM2,AFG_ADM2_1_3_3_332,Charsadra,ADM2,2,332,AFG,332
333,17.2719525168,15.1356353926,ADM2,AFG_ADM2_1_3_3_333,Kohestan,ADM2,2,333,AFG,333
334,14.4407321104,12.6545959019,ADM2,AFG_ADM2_1_3_3_334,Garziwan,ADM2,2,334,AFG,334
335,20.2471963105,17.7429239317,ADM2,AFG_ADM2_1_3_3_335,Bilcheragh,ADM2,2,335,AFG,335
336,96.7187972939,84.7564281777,ADM2,AFG_ADM2_1_3_3_336,Pashtunkot,ADM2,2,336,AFG,336
337,96.9649837255,84.9721025434,ADM2,AFG_ADM2_1_3_3_337,Maymana,ADM2,2,337,AFG,337
338,41.6559007988,36.5035837944,ADM2,AFG_ADM2_1_3_3_338,Darzab,ADM2,2,338,AFG,338
339,18.5931137141,16.293962802,ADM2,AFG_ADM2_1_3_3_339,Khwajadukoh,ADM2,2,339,AFG,339
340,91.1560683088,79.881053648,ADM2,AFG_ADM2_1_3_3_340,Khanaqa,ADM2,2,340,AFG,340
341,60.1786279255,52.7354955576,ADM2,AFG_ADM2_1_3_3_341,Chemtal,ADM2,2,341,AFG,341
342,132.557009833,116.16101948,ADM2,AFG_ADM2_1_3_3_342,Charbulak,ADM2,2,342,AFG,342
343,47.6311548905,41.7402872508,ADM2,AFG_ADM2_1_3_3_343,Mardyan,ADM2,2,343,AFG,343
344,80.0991052202,70.1918591827,ADM2,AFG_ADM2_1_3_3_344,Aqcha,ADM2,2,344,AFG,344
345,43.4532736888,38.079080453,ADM2,AFG_ADM2_1_3_3_345,Mingajik,ADM2,2,345,AFG,345
346,8.57700195086,7.51585830808,ADM2,AFG_ADM2_1_3_3_346,Saghar,ADM2,2,346,AFG,346
347,20.5488750226,18.0074010211,ADM2,AFG_ADM2_1_3_3_347,Taywarah,ADM2,2,347,AFG,347
348,7.50926657663,6.58044148742,ADM2,AFG_ADM2_1_3_3_348,Shahrak,ADM2,2,348,AFG,348
349,11.9994015107,10.515308086,ADM2,AFG_ADM2_1_3_3_349,Chaghcharan,ADM2,2,349,AFG,349
350,12.290192195,10.7701363066,ADM2,AFG_ADM2_1_3_3_350,Dawlatyar,ADM2,2,350,AFG,350
351,91.2556386762,82.8686727293,ADM2,AFG_ADM2_1_3_3_351,Sharak-e-Hayratan,ADM2,2,351,AFG,351
352,34.1213794047,29.9014432311,ADM2,AFG_ADM2_1_3_3_352,Hazrat-e-Sultan,ADM2,2,352,AFG,352
353,34.1422414776,29.919416407,ADM2,AFG_ADM2_1_3_3_353,Charkent,ADM2,2,353,AFG,353
354,161.732056937,141.72886764,ADM2,AFG_ADM2_1_3_3_354,Dehdadi,ADM2,2,354,AFG,354
355,191.975310477,168.232080444,ADM2,AFG_ADM2_1_3_3_355,Balkh,ADM2,2,355,AFG,355
356,64.592647041,56.6037103176,ADM2,AFG_ADM2_1_3_3_356,Gosfandi,ADM2,2,356,AFG,356
357,64.0244994834,56.1057251991,ADM2,AFG_ADM2_1_3_3_357,Sholgareh,ADM2,2,357,AFG,357
358,34.9062685409,30.589140794,ADM2,AFG_ADM2_1_3_3_358,Keshendeh,ADM2,2,358,AFG,358
359,32.2718301775,28.2805547008,ADM2,AFG_ADM2_1_3_3_359,Zari,ADM2,2,359,AFG,359
360,24.4436274623,21.4202912112,ADM2,AFG_ADM2_1_3_3_360,Feroznakhchir,ADM2,2,360,AFG,360
361,19.2784020959,16.8939410763,ADM2,AFG_ADM2_1_3_3_361,Khuram Wa Sarbagh,ADM2,2,361,AFG,361
362,55.5531831064,48.6821876656,ADM2,AFG_ADM2_1_3_3_362,Sar-e-Pul,ADM2,2,362,AFG,362
363,15.0115578647,13.1548520763,ADM2,AFG_ADM2_1_3_3_363,Balkhab,ADM2,2,363,AFG,363
364,11.1828743233,9.79981621447,ADM2,AFG_ADM2_1_3_3_364,Kohestanat,ADM2,2,364,AFG,364
365,84.9324947549,74.4283207739,ADM2,AFG_ADM2_1_3_3_365,Baghlan-e-Jadid,ADM2,2,365,AFG,365
366,235.014088958,205.947740531,ADM2,AFG_ADM2_1_3_3_366,Chardarah,ADM2,2,366,AFG,366
367,154.483208323,135.376262777,ADM2,AFG_ADM2_1_3_3_367,Khanabad,ADM2,2,367,AFG,367
368,109.060510903,95.5716789727,ADM2,AFG_ADM2_1_3_3_368,Aliabad,ADM2,2,368,AFG,368
369,61.1842722037,53.6168261332,ADM2,AFG_ADM2_1_3_3_369,Burka,ADM2,2,369,AFG,369
370,65.3699190879,57.2857874916,ADM2,AFG_ADM2_1_3_3_370,Dahana-e-Ghori,ADM2,2,370,AFG,370
371,211.079985011,184.97439711,ADM2,AFG_ADM2_1_3_3_371,Pul-e-Khumri,ADM2,2,371,AFG,371
372,31.0600487339,27.2184800915,ADM2,AFG_ADM2_1_3_3_372,Doshi,ADM2,2,372,AFG,372
373,36.1735112364,31.6998422394,ADM2,AFG_ADM2_1_3_3_373,Nahrin,ADM2,2,373,AFG,373
374,19.4852599286,17.0750849574,ADM2,AFG_ADM2_1_3_3_374,Khost Wa Fereng,ADM2,2,374,AFG,374
375,19.0541372563,16.6972653683,ADM2,AFG_ADM2_1_3_3_375,Fereng Wa Gharu,ADM2,2,375,AFG,375
376,22.1874770584,19.4434984049,ADM2,AFG_ADM2_1_3_3_376,Dehsalah,ADM2,2,376,AFG,376
377,69.9119699971,61.2655794338,ADM2,AFG_ADM2_1_3_3_377,Eshkmesh,ADM2,2,377,AFG,377
378,30.8601855635,27.0431888054,ADM2,AFG_ADM2_1_3_3_378,Namakab,ADM2,2,378,AFG,378
379,24.915334022,21.8336398459,ADM2,AFG_ADM2_1_3_3_379,Farkhar,ADM2,2,379,AFG,379
380,169.576582559,148.603519871,ADM2,AFG_ADM2_1_3_3_380,Baharak,ADM2,2,380,AFG,380
381,150.574534904,131.951912549,ADM2,AFG_ADM2_1_3_3_381,Taloqan,ADM2,2,381,AFG,381
382,44.8734453822,39.3236551398,ADM2,AFG_ADM2_1_3_3_382,Kalafgan,ADM2,2,382,AFG,382
383,24.1100159693,21.2237056055,ADM2,AFG_ADM2_1_3_3_383,Yawan,ADM2,2,383,AFG,383
384,15.6884590656,13.7634228615,ADM2,AFG_ADM2_1_3_3_384,Raghestan,ADM2,2,384,AFG,384
385,29.8671188102,26.1732702295,ADM2,AFG_ADM2_1_3_3_385,Arghanjkhwa,ADM2,2,385,AFG,385
386,66.0757884706,57.9036280778,ADM2,AFG_ADM2_1_3_3_386,Fayzabad,ADM2,2,386,AFG,386
387,20.1173699447,17.6293388972,ADM2,AFG_ADM2_1_3_3_387,Shuhada,ADM2,2,387,AFG,387
388,67.0733764455,58.7778582553,ADM2,AFG_ADM2_1_3_3_388,Argo,ADM2,2,388,AFG,388
389,63.0783954202,55.2769750667,ADM2,AFG_ADM2_1_3_3_389,Darayem,ADM2,2,389,AFG,389
390,32.140120108,28.1652012345,ADM2,AFG_ADM2_1_3_3_390,Teshkan,ADM2,2,390,AFG,390
391,22.5076803188,19.7239264649,ADM2,AFG_ADM2_1_3_3_391,Jorm,ADM2,2,391,AFG,391
392,17.8324577663,15.6270324736,ADM2,AFG_ADM2_1_3_3_392,Warduj,ADM2,2,392,AFG,392
393,28.7983859834,25.2367674629,ADM2,AFG_ADM2_1_3_3_393,Tagab,ADM2,2,393,AFG,393
394,23.0394210786,20.1900534744,ADM2,AFG_ADM2_1_3_3_394,Pul-e-Hesar,ADM2,2,394,AFG,394
395,30.3941077443,26.6348705942,ADM2,AFG_ADM2_1_3_3_395,Dara-e-Suf-e-Payin,ADM2,2,395,AFG,395
396,6.53107577883,5.72331831748,ADM2,AFG_ADM2_1_3_3_396,Purchaman,ADM2,2,396,AFG,396
397,33.5287795277,29.3813108451,ADM2,AFG_ADM2_1_3_3_397,Qala-e-Naw,ADM2,2,397,AFG,397
398,2820.48861124,2471.6415469,ADM2,AFG_ADM2_1_3_3_398,Mazar-e-Sharif,ADM2,2,398,AFG,398
