{
    "status": 2, 
    "raster_data": [
        {
            "files": [
                {
                    "path": "glds00ag_2000.asc", 
                    "$$hashKey": "object:1825", 
                    "name": "gpw_v3_density_2000", 
                    "display": "2000"
                }, 
                {
                    "path": "glds95ag_1995.asc", 
                    "$$hashKey": "object:1912", 
                    "name": "gpw_v3_density_1995", 
                    "display": "1995"
                }
            ], 
            "$$hashKey": "object:1967", 
            "name": "gpw_v3_density", 
            "custom_name": "Population Density (GPW V3, UN Adjusted) (1)", 
            "title": "Population Density (GPW V3, UN Adjusted)", 
            "type": "raster", 
            "base": "/sciclone/aiddata10/REU/geo/data/rasters/gpw/gpw_v3/density", 
            "temporal_type": "year", 
            "options": {
                "extract_types": [
                    "mean"
                ]
            }
        }
    ], 
    "custom_name": "Request 10-08-18 09:27", 
    "release_data": [], 
    "priority": 0, 
    "info": [
        "<b><font size=4>CSV Column Names</font></b><br/>Each CSV will contain a column labeled \"asdf_id\" which has values for each feature that are unique (within that boundary dataset), one or more columns for your extract data, followed by the original source attributes for the boundary file (e.g., from GADM)<br/><br/>The standard format for extract data column names is a three part string delimited by periods (.)<br/>&nbsp;&nbsp;&nbsp;&nbsp;Example:  <b>&#60;dataset&#62;.&#60;filter&#62;.&#60;method&#62;</b>  =  gpw_v4_count<b>.</b>2010<b>.</b>sum<br/><br/>For more details, please read the documentation pdf accompanying your request results.<br/>"
    ], 
    "boundary": {
        "path": "/sciclone/aiddata10/REU/geo/data/boundaries/geoboundaries/1_3_3/AFG_ADM2/AFG_ADM2.geojson", 
        "description": "GeoBoundaries boundary file for ADM2 in Afghanistan.", 
        "group": "afg_gb_1_3_3", 
        "name": "afg_adm2_gb_1_3_3", 
        "title": "Afghanistan ADM2 - GeoBoundaries v1.3.3"
    }, 
    "_id": "5bbb5b52c15e0014aa0e07e7", 
    "email": "danr@wm.edu", 
    "stage": [
        {
            "name": "submitted", 
            "time": 1539005266
        }, 
        {
            "name": "prepared", 
            "time": 1539005285
        }, 
        {
            "name": "processed", 
            "time": 1539014334
        }, 
        {
            "name": "completed", 
            "time": 0
        }
    ]
}